{"cameraMode":{"drawMode":0,"name":"Shaded","section":"Shading Mode"},"sceneLighting":false,"audioPlay":false,"sceneViewState":{"showFog":true,"showMaterialUpdate":false,"showSkybox":true,"showFlares":true,"showImageEffects":true,"showParticleSystems":true},"in2DMode":false,"pivot":{"x":0.034999847412109378,"y":2.058863878250122,"z":0.0},"rotation":{"x":0.3437134921550751,"y":0.03092927485704422,"z":-0.011440432630479336,"w":0.9387003779411316},"size":32.407108306884769,"orthographic":true}